job_id,job_title,company,job_description,job_category,required_skills,preferred_skills,minimum_experience,education_requirement
JOB001,"Python Backend Developer","TechNova Solutions","Looking for a Python Backend Developer to design, implement, and maintain scalable REST APIs and database queries using Flask or Django and PostgreSQL. The engineer will collaborate with frontend teams and manage microservices.","Software Engineering","Python;Flask;PostgreSQL;REST API","Docker;Redis;AWS",2.0,"Bachelor in Computer Science or related field"
JOB002,"Machine Learning Engineer","DeepMinded AI","Seeking an ML Engineer to develop predictive models, perform feature engineering, and deploy machine learning pipelines. Candidates must have strong hands-on experience in Scikit-learn, Pandas, NumPy, and statistical modeling.","Data Science & AI","Python;Machine Learning;Scikit-learn;Pandas;NumPy","Deep Learning;PyTorch;TensorFlow;Git",2.0,"Bachelor or Master in Data Science CS or AI"
JOB003,"NLP Research Engineer","CognitiveTech Labs","Looking for an NLP Specialist to build state-of-the-art text classification, named entity recognition, and information extraction systems using Python, spaCy, NLTK, and transformer models.","Data Science & AI","Python;NLP;NLTK;spaCy","PyTorch;Hugging Face;Large Language Models",3.0,"Master or Ph.D. in Computer Science or AI"
JOB004,"Frontend React Developer","PixelCraft Media","Seeking a Frontend Engineer skilled in building modern, responsive user interfaces using React, JavaScript, HTML, and CSS. Experience with design handoff in Figma and state management is essential.","Web Development","JavaScript;React;HTML;CSS","TypeScript;Next.js;Tailwind CSS;Figma",1.0,"Bachelor in Information Technology or CS"
JOB005,"Full Stack Developer","CloudSphere Systems","Looking for a versatile Full Stack Developer to build end-to-end web applications using Node.js, Express, React, and MongoDB/PostgreSQL. Experience with REST APIs and cloud deployments required.","Web Development","JavaScript;Node.js;Express.js;React;REST API","MongoDB;PostgreSQL;Docker;CI/CD",3.0,"Bachelor in Computer Science or related field"
JOB006,"Data Analyst / BI Specialist","Apex Analytics","Seeking a Data Analyst to extract business insights, create operational dashboards, and write complex queries. Must have solid proficiency in SQL, Python, Pandas, and BI tools like Tableau or Power BI.","Data Science & Analytics","SQL;Python;Pandas;Tableau","Power BI;Excel;NumPy",2.0,"Bachelor in Statistics Mathematics or CS"
JOB007,"DevOps & Cloud Infrastructure Engineer","SkyHigh Cloud","Seeking a DevOps Engineer to automate cloud infrastructure, manage container clusters, and maintain CI/CD deployment pipelines on AWS using Docker, Kubernetes, and Linux.","DevOps & Cloud","AWS;Docker;Kubernetes;Linux;CI/CD","Terraform;Jenkins;Git;Bash/Shell",3.0,"Bachelor in Information Technology or CS"
JOB008,"Java Enterprise Backend Developer","Nexus Fintech","Looking for a Java Developer with experience in Spring Boot, MySQL, and microservices architecture to develop secure transaction processing systems.","Software Engineering","Java;Spring Boot;MySQL;REST API","Apache Kafka;Docker;JUnit",2.0,"Bachelor in Computer Science or Engineering"
JOB009,"Mobile Flutter Developer","AppVibe Studio","Seeking a mobile developer proficient in Flutter and Dart to build interactive cross-platform mobile apps with Firebase backend integration and local database storage.","Mobile Development","Flutter;Dart;Firebase;REST API","Android Development;SQLite;Git",2.0,"Bachelor in Computer Science or equivalent"
JOB010,"Senior Python & FastAPI Architect","ScaleLogic","Seeking a Senior Backend Engineer to architect high-throughput services using Python, FastAPI, PostgreSQL, Redis, and Docker. Experience leading backend architecture required.","Software Engineering","Python;FastAPI;PostgreSQL;Redis;Docker","Kubernetes;AWS;CI/CD;Git",4.0,"Bachelor or Master in Computer Science"
JOB011,"Data Pipeline / Big Data Engineer","DataFlow Corp","Looking for a Data Engineer to design robust ETL pipelines, process batch and stream data using Apache Spark, SQL, Python, and Airflow.","Data Engineering","Python;SQL;Apache Spark;Airflow;ETL","Apache Kafka;Snowflake;Data Warehousing",3.0,"Bachelor in Computer Science or related field"
JOB012,"QA Automation Engineer","QualityFirst Software","Seeking a QA Automation Engineer to build automated API and integration test suites using Python, Postman, and CI/CD tools.","Quality Assurance","Python;Postman;REST API;Git","CI/CD;SQL;Docker",2.0,"Bachelor in Computer Science or related"
