resume_id,resume_text,education,degree,field_of_study,experience_years,skills,certifications,projects
RES001,"Software Engineer with 3 years of experience in backend development using Python, Flask, and PostgreSQL. Designed REST APIs, integrated Redis caching, and deployed services with Docker and Git.","B.Tech","Bachelor","Computer Science",3.0,"Python;Flask;PostgreSQL;Redis;Docker;REST API;Git","AWS Certified Developer","E-commerce REST Backend;Task Queue Service"
RES002,"Senior Machine Learning Engineer with 5 years of expertise in NLP, Scikit-learn, PyTorch, and TensorFlow. Extensive background in feature engineering, sentiment analysis, and building predictive models with Pandas and NumPy.","M.S.","Master","Data Science",5.0,"Python;Machine Learning;Deep Learning;NLP;Scikit-learn;PyTorch;TensorFlow;Pandas;NumPy;Git","TensorFlow Developer Certificate","Resume Classification Engine;Customer Churn Predictor"
RES003,"Frontend Developer with 2 years of experience specializing in React, Next.js, TypeScript, HTML, CSS, and Tailwind CSS. Passionate about responsive UI/UX and translating Figma designs into high-performance web applications.","B.S.","Bachelor","Information Technology",2.0,"JavaScript;TypeScript;React;Next.js;HTML;CSS;Tailwind CSS;Figma;Git","","Analytics Dashboard Frontend;Component Design System"
RES004,"Full Stack Developer with 4 years of experience building scalable applications using Node.js, Express.js, React, and MongoDB. Proficient with REST APIs, GraphQL, and CI/CD pipelines.","B.Tech","Bachelor","Computer Engineering",4.0,"JavaScript;Node.js;Express.js;React;MongoDB;REST API;GraphQL;CI/CD;Docker;Git","MongoDB Certified Developer","Real-time Collaboration Platform;Social Networking Web App"
RES005,"Data Analyst with 2 years of experience in data wrangling, statistical analysis, and dashboard design. Highly proficient in SQL, Python, Pandas, Tableau, Power BI, and Advanced Excel.","B.Sc.","Bachelor","Statistics",2.0,"SQL;Python;Pandas;NumPy;Tableau;Power BI;Excel","Microsoft Certified Power BI Data Analyst","Sales Forecasting Report;Customer Segmentation Dashboard"
RES006,"DevOps and Cloud Engineer with 4 years of experience managing infrastructure on AWS, implementing CI/CD pipelines with Jenkins and GitHub Actions, and container orchestration using Docker and Kubernetes on Linux.","B.Tech","Bachelor","Information Technology",4.0,"AWS;Docker;Kubernetes;Linux;CI/CD;Terraform;Jenkins;Git;Bash/Shell","AWS Solutions Architect Associate","Automated Cloud Infrastructure with Terraform;Kubernetes Cluster Migration"
RES007,"Java Backend Engineer with 3 years of experience developing enterprise microservices using Java, Spring Boot, MySQL, and Kafka. Skilled in RESTful API development and JUnit testing.","B.E.","Bachelor","Computer Science",3.0,"Java;Spring Boot;MySQL;Apache Kafka;REST API;Docker;Git","Oracle Certified Professional Java SE","Payment Gateway Integration;Inventory Microservices Suite"
RES008,"Mobile App Developer with 3 years of experience building cross-platform apps using Flutter, Dart, and Firebase. Implemented push notifications, local SQLite storage, and state management with Provider/Bloc.","B.Tech","Bachelor","Computer Science",3.0,"Flutter;Dart;Firebase;SQLite;REST API;Git","","Fitness Tracker Mobile App;Food Delivery Client App"
RES009,"Junior Python Developer with 1 year of experience creating web scrapers, data cleaning scripts, and lightweight Flask APIs. Familiar with Git, SQLite, and Scikit-learn basics.","B.Tech","Bachelor","Computer Science",1.0,"Python;Flask;SQLite;Git;Scikit-learn;Pandas","","Automated Web Scraper;Job Board API"
RES010,"AI Researcher and NLP Specialist with 4 years of experience focusing on Large Language Models, spaCy, NLTK, Hugging Face Transformers, and text mining. Strong foundation in PyTorch and Python.","Ph.D.","Doctorate","Artificial Intelligence",4.0,"Python;NLP;spaCy;NLTK;Hugging Face;PyTorch;Machine Learning;Large Language Models","DeepLearning.AI NLP Specialization","Legal Document Summarizer;Biomedical NER Model"
RES011,"Cloud Solutions Engineer with 2 years of experience in Microsoft Azure cloud migration, Docker containers, PostgreSQL databases, and Python scripting.","B.S.","Bachelor","Computer Systems",2.0,"Microsoft Azure;Python;Docker;PostgreSQL;Linux;Git","Microsoft Certified Azure Fundamentals","Cloud Database Migration;Log Aggregation Pipeline"
RES012,"UI/UX Designer and Frontend Web Developer with 2 years of experience. Expert in Figma, HTML, CSS, Bootstrap, and JavaScript. Experienced in user research and rapid prototyping.","B.A.","Bachelor","Digital Design",2.0,"Figma;HTML;CSS;JavaScript;Bootstrap;Git","","Design System UI Kit;Corporate Brand Redesign"
RES013,"Backend Developer with 5 years of experience in Django, FastAPI, Celery, PostgreSQL, Redis, and Linux system administration. Strong background in microservices and distributed systems.","B.Tech","Bachelor","Computer Science",5.0,"Python;Django;FastAPI;PostgreSQL;Redis;Linux;Docker;REST API;Git","","High-Throughput Streaming API;Distributed Notification Service"
RES014,"Data Engineer with 3 years of experience building batch and streaming data pipelines using Apache Spark, Apache Kafka, SQL, Python, Airflow, and Snowflake.","B.Tech","Bachelor","Computer Science",3.0,"Python;SQL;Apache Spark;Apache Kafka;Airflow;Snowflake;ETL;Data Warehousing;Docker","Databricks Certified Associate Developer","Real-time Clickstream Pipeline;Enterprise Data Warehouse Migration"
RES015,"Junior React Developer with 1 year of experience building single-page applications with JavaScript, React, HTML, and CSS. Knowledge of REST APIs and Git.","B.C.A.","Bachelor","Computer Applications",1.0,"JavaScript;React;HTML;CSS;REST API;Git","","Personal Portfolio Website;Movie Search Web App"
RES016,"Human Resources Specialist with 4 years of experience in talent acquisition, recruitment, employee relations, onboarding, and HR metrics reporting using Excel.","B.B.A.","Bachelor","Human Resources",4.0,"Excel;Agile/Scrum","","Campus Recruitment Drive;Employee Satisfaction Survey"
RES017,"Digital Marketing Manager with 5 years of experience in SEO, SEM, content strategy, Google Analytics, social media marketing, and email campaigns.","B.Com.","Bachelor","Marketing",5.0,"Excel;Figma","","Brand Awareness Campaign;SEO Optimization Overhaul"
RES018,"Junior Machine Learning Engineer with 1 year of experience. Skilled in Python, Scikit-learn, Pandas, Matplotlib, and exploratory data analysis.","B.Tech","Bachelor","Computer Science",1.0,"Python;Scikit-learn;Pandas;NumPy;Matplotlib;Seaborn;Git","","House Price Prediction;Customer Segmentation"
RES019,"Senior Full Stack Architect with 7 years of experience in TypeScript, React, Node.js, PostgreSQL, AWS, and Docker. Led multiple cross-functional engineering teams.","M.S.","Master","Software Engineering",7.0,"TypeScript;JavaScript;React;Node.js;PostgreSQL;AWS;Docker;CI/CD;GraphQL;Git","AWS Certified Solutions Architect Professional","Enterprise SaaS Platform;Microfrontend Architecture"
RES020,"Database Administrator with 4 years of experience managing PostgreSQL, MySQL, and Microsoft SQL Server databases. Proficient in query optimization, backup strategies, and Linux.","B.Tech","Bachelor","Information Technology",4.0,"PostgreSQL;MySQL;Microsoft SQL Server;SQL;Linux;Bash/Shell","Oracle Certified Associate","Database High Availability Cluster;Query Performance Tuning"
RES021,"Android Native Developer with 3 years of experience developing Kotlin and Java applications for Android devices. Strong knowledge of Android SDK, Retrofit, and SQLite.","B.Tech","Bachelor","Computer Science",3.0,"Kotlin;Java;Android Development;SQLite;REST API;Git","","E-Commerce Android App;Offline Note Taking App"
RES022,"Cybersecurity Analyst with 3 years of experience in vulnerability assessment, Linux administration, network monitoring, and Python security automation.","B.Tech","Bachelor","Information Security",3.0,"Linux;Python;Bash/Shell;Git","CompTIA Security+","Vulnerability Scanning Script;Network Intrusion Log Parser"
RES023,"Graphic Designer with 3 years of experience in branding, print design, vector illustration, and UI wireframing using Figma and Adobe Creative Suite.","B.Des.","Bachelor","Graphic Design",3.0,"Figma","","Brand Identity Guideline;Mobile App UI Mockups"
RES024,"Software QA / Test Automation Engineer with 3 years of experience in API testing with Postman, automated UI tests with Python and Selenium, and CI/CD integration.","B.Tech","Bachelor","Computer Science",3.0,"Python;Postman;Git;CI/CD;SQL;REST API","ISTQB Certified Tester","API Test Automation Framework;Regression Test Suite"
RES025,"NLP & Data Science Engineer with 3 years of experience developing text processing systems, sentiment analysis models, and recommendation algorithms using Python, NLTK, spaCy, and Scikit-learn.","M.Tech","Master","Computer Science",3.0,"Python;NLP;NLTK;spaCy;Scikit-learn;Pandas;NumPy;PostgreSQL;Flask","Google Data Analytics Professional Certificate","Document Classification Pipeline;Product Recommendation Engine"
