pair_id,resume_id,job_id,match_label
PAIR001,RES001,JOB001,1
PAIR002,RES001,JOB010,0
PAIR003,RES001,JOB012,1
PAIR004,RES001,JOB005,0
PAIR005,RES001,JOB002,0
PAIR006,RES001,JOB004,0
PAIR007,RES002,JOB002,1
PAIR008,RES002,JOB003,1
PAIR009,RES002,JOB006,1
PAIR010,RES002,JOB011,0
PAIR011,RES002,JOB001,0
PAIR012,RES002,JOB007,0
PAIR013,RES002,JOB009,0
PAIR014,RES003,JOB004,1
PAIR015,RES003,JOB005,0
PAIR016,RES003,JOB001,0
PAIR017,RES003,JOB007,0
PAIR018,RES003,JOB012,0
PAIR019,RES004,JOB005,1
PAIR020,RES004,JOB004,1
PAIR021,RES004,JOB001,0
PAIR022,RES004,JOB008,0
PAIR023,RES004,JOB011,0
PAIR024,RES005,JOB006,1
PAIR025,RES005,JOB002,0
PAIR026,RES005,JOB001,0
PAIR027,RES005,JOB011,0
PAIR028,RES005,JOB007,0
PAIR029,RES006,JOB007,1
PAIR030,RES006,JOB001,0
PAIR031,RES006,JOB004,0
PAIR032,RES006,JOB008,0
PAIR033,RES006,JOB009,0
PAIR034,RES006,JOB010,0
PAIR035,RES007,JOB008,1
PAIR036,RES007,JOB001,0
PAIR037,RES007,JOB005,0
PAIR038,RES007,JOB007,0
PAIR039,RES007,JOB010,0
PAIR040,RES008,JOB009,1
PAIR041,RES008,JOB004,0
PAIR042,RES008,JOB007,0
PAIR043,RES008,JOB002,0
PAIR044,RES008,JOB001,0
PAIR045,RES009,JOB001,0
PAIR046,RES009,JOB002,0
PAIR047,RES009,JOB012,1
PAIR048,RES009,JOB004,0
PAIR049,RES010,JOB003,1
PAIR050,RES010,JOB002,1
PAIR051,RES010,JOB001,0
PAIR052,RES010,JOB006,0
PAIR053,RES010,JOB007,0
PAIR054,RES011,JOB001,1
PAIR055,RES011,JOB007,1
PAIR056,RES011,JOB004,0
PAIR057,RES011,JOB009,0
PAIR058,RES012,JOB004,1
PAIR059,RES012,JOB001,0
PAIR060,RES012,JOB002,0
PAIR061,RES012,JOB005,0
PAIR062,RES012,JOB008,0
PAIR063,RES013,JOB010,1
PAIR064,RES013,JOB001,1
PAIR065,RES013,JOB007,0
PAIR066,RES013,JOB002,0
PAIR067,RES013,JOB009,0
PAIR068,RES014,JOB011,1
PAIR069,RES014,JOB006,1
PAIR070,RES014,JOB002,0
PAIR071,RES014,JOB004,0
PAIR072,RES014,JOB008,0
PAIR073,RES015,JOB004,1
PAIR074,RES015,JOB005,0
PAIR075,RES015,JOB007,0
PAIR076,RES015,JOB001,0
PAIR077,RES016,JOB001,0
PAIR078,RES016,JOB002,0
PAIR079,RES016,JOB004,0
PAIR080,RES016,JOB006,0
PAIR081,RES017,JOB001,0
PAIR082,RES017,JOB004,0
PAIR083,RES017,JOB006,0
PAIR084,RES017,JOB007,0
PAIR085,RES018,JOB002,1
PAIR086,RES018,JOB006,1
PAIR087,RES018,JOB001,0
PAIR088,RES018,JOB008,0
PAIR089,RES019,JOB005,1
PAIR090,RES019,JOB004,1
PAIR091,RES019,JOB007,1
PAIR092,RES019,JOB001,0
PAIR093,RES019,JOB010,0
PAIR094,RES020,JOB001,0
PAIR095,RES020,JOB007,0
PAIR096,RES020,JOB011,0
PAIR097,RES020,JOB008,0
PAIR098,RES020,JOB006,1
PAIR099,RES021,JOB009,0
PAIR100,RES021,JOB008,1
PAIR101,RES021,JOB004,0
PAIR102,RES021,JOB001,0
PAIR103,RES022,JOB007,1
PAIR104,RES022,JOB001,0
PAIR105,RES022,JOB012,1
PAIR106,RES022,JOB004,0
PAIR107,RES023,JOB004,0
PAIR108,RES023,JOB001,0
PAIR109,RES023,JOB002,0
PAIR110,RES023,JOB007,0
PAIR111,RES024,JOB012,1
PAIR112,RES024,JOB001,1
PAIR113,RES024,JOB004,0
PAIR114,RES024,JOB005,0
PAIR115,RES025,JOB003,1
PAIR116,RES025,JOB002,1
PAIR117,RES025,JOB006,1
PAIR118,RES025,JOB001,1
PAIR119,RES025,JOB007,0
PAIR120,RES025,JOB008,0
